编号,名称,分类,类型,模态与标签,获取状态,说明文件,外部入口与下载链接,数据获取方式,信息日期
01,AVerImaTeC,01-开源情报与公共事件,图文事实核验基准；自然网络断言与证据,图片、断言、问答证据、核验裁决；需逐例确认视觉证据是否充分,官方文件目录提供标注与图片 ZIP；原始数据不随本仓库分发,01-开源情报与公共事件/01-AVerImaTeC.md,项目官网: https://fever.ai/dataset/averimatec.html ; 作者仓库: https://github.com/abril4416/AVerImaTeC ; Hugging Face 完整目录: https://huggingface.co/datasets/Rui4416/AVerImaTeC/tree/main ; 训练标注: https://huggingface.co/datasets/Rui4416/AVerImaTeC/resolve/main/train.json ; 验证标注: https://huggingface.co/datasets/Rui4416/AVerImaTeC/resolve/main/val.json ; 图片包: https://huggingface.co/datasets/Rui4416/AVerImaTeC/resolve/main/images.zip,原始数据通过官方入口获取,2026-10-09
02,VERITE,01-开源情报与公共事件,注重单模态偏差控制的图文失实信息评测集,"1,000 组图文配对；真实、脱离语境、错误图注",CSV 公开；原始图片需机构邮箱验证,01-开源情报与公共事件/02-VERITE.md,作者仓库: https://github.com/stevejpapad/image-text-verification ; VERITE.csv: https://raw.githubusercontent.com/stevejpapad/image-text-verification/master/VERITE/VERITE.csv ; VERITE_articles.csv: https://raw.githubusercontent.com/stevejpapad/image-text-verification/master/VERITE/VERITE_articles.csv ; 官方图片申请入口: https://huggingface.co/datasets/stefpapad/VERITE,原始数据通过官方入口获取,2026-10-09
03,NewsCLIPpings,01-开源情报与公共事件,基于新闻图片与图注构造的图文错配基准,图片、新闻图注、样本与图片 ID、`falsified` 配对标签,官方标注下载脚本公开；图片另取 VisualNews,01-开源情报与公共事件/03-NewsCLIPpings.md,作者仓库: https://github.com/g-luo/news_clippings ; 下载脚本: https://raw.githubusercontent.com/g-luo/news_clippings/master/download.sh ; 合并平衡训练标注: https://huggingface.co/g-luo/news-clippings/resolve/main/data/merged_balanced/train.json ; VisualNews 图片与原始元数据: https://github.com/FuxiaoLiu/VisualNews-Repository ; 作者图片下载页: https://www.cs.rice.edu/~vo9/visualnews/,原始数据通过官方入口获取,2026-10-09
04,MOCHEG,01-开源情报与公共事件,端到端多模态事实核验、证据检索与解释数据集,断言、文本和图像证据、核验标签及解释,作者提供申请表；尚未申请或取得题包,01-开源情报与公共事件/04-MOCHEG.md,官方仓库: https://github.com/VT-NLP/Mocheg ; MOCHEG version 1 获取表单: https://docs.google.com/forms/d/e/1FAIpQLScAGehM6X9ARZWW3Fgt7fWMhc_Cec6iiAAN4Rn1BHAk6KOfbw/viewform?usp=sf_link ; 数据格式与声明: https://github.com/VT-NLP/Mocheg/blob/main/document/MOCHEG_dataset_statement.pdf,原始数据通过官方入口获取,2026-10-09
05,Fakeddit,01-开源情报与公共事件,Reddit 多模态失实信息分类语料,帖子标题、图片链接/图片包、元数据；多粒度弱标签；评论单独提供,作者提供 Google Drive 标注、图片和评论下载入口,01-开源情报与公共事件/05-Fakeddit.md,作者仓库: https://github.com/entitize/Fakeddit ; 文本与元数据 v2: https://drive.google.com/drive/folders/1jU7qgDqU1je9Y0PMKJ_f31yXRo5uWGFm?usp=sharing ; 图片包: https://drive.google.com/file/d/1cjY6HsHaSZuLVHywIxD5xQqng33J5S2b/view?usp=sharing ; 评论: https://drive.google.com/drive/folders/150sL4SNi5zFK8nmllv5prWbn0LyvLzvo?usp=sharing,原始数据通过官方入口获取,2026-10-09
06,CrisisMMD,01-开源情报与公共事件,真实灾害事件的社交媒体图文数据,文本、图片；信息性、人道救援类别、损毁程度等,官网提供图片文本包与标注压缩包,01-开源情报与公共事件/06-CrisisMMD.md,官方数据页: https://crisisnlp.qcri.org/crisismmd ; CrisisMMD v2.0 图片文本包，约 1.8 GB: https://crisisnlp.qcri.org/data/crisismmd/CrisisMMD_v2.0.tar.gz ; 全部划分标注: https://crisisnlp.qcri.org/data/crisismmd/crisismmd_datasplit_all.zip ; 一致标签子集: https://crisisnlp.qcri.org/data/crisismmd/crisismmd_datasplit_agreed_label.zip ; 官方条款: https://crisisnlp.qcri.org/terms-of-use.html,原始数据通过官方入口获取,2026-10-09
07,PHEME：谣言检测与真实性判定版,01-开源情报与公共事件,多事件社交媒体讨论线程与真实性标注,文本、回复树、时间；rumour/non-rumour 与 true/false/unverified 分开,Figshare 官方条目及归档文件元数据目录列出,01-开源情报与公共事件/07-PHEME.md,带真实性标签的正式条目: https://figshare.com/articles/dataset/PHEME_dataset_for_Rumour_Detection_and_Veracity_Classification/6392078 ; PHEME_veracity.tar.bz2，约 46.5 MB: https://ndownloader.figshare.com/files/11767817 ; 条目元数据 API: https://api.figshare.com/v2/articles/6392078,原始数据通过官方入口获取,2026-10-09
08,GDELT,01-开源情报与公共事件,持续更新的全球新闻事件与知识图谱数据服务,事件表、提及记录、GKG、新闻链接；视觉资源需走独立产品入口,官方下载说明及最新文件清单可访问,01-开源情报与公共事件/08-GDELT.md,官方数据与批量下载入口: https://www.gdeltproject.org/data.html ; GDELT 2.0 最新更新文件清单: https://data.gdeltproject.org/gdeltv2/lastupdate.txt,原始数据通过官方入口获取,2026-10-09
09,FinQA,02-市场与行业调研,财报数值推理问答基准,解析后的文本与表格；问题、答案、计算程序、证据,官方 JSON 文件目录目录列出,02-市场与行业调研/09-FinQA.md,作者仓库: https://github.com/czyssrs/FinQA ; 数据目录: https://github.com/czyssrs/FinQA/tree/main/dataset ; 训练集: https://raw.githubusercontent.com/czyssrs/FinQA/main/dataset/train.json ; 开发集: https://raw.githubusercontent.com/czyssrs/FinQA/main/dataset/dev.json ; 公开测试集: https://raw.githubusercontent.com/czyssrs/FinQA/main/dataset/test.json,原始数据通过官方入口获取,2026-10-09
10,TAT-QA,02-市场与行业调研,金融表格与文本联合问答,结构化表格、段落、问题、答案及推理相关标注,官方数据文件公开；测试 gold 已在 2024 年公布,02-市场与行业调研/10-TAT-QA.md,官方仓库: https://github.com/NExTplusplus/TAT-QA ; dataset_raw 目录: https://github.com/NExTplusplus/TAT-QA/tree/master/dataset_raw ; 训练集: https://raw.githubusercontent.com/NExTplusplus/TAT-QA/master/dataset_raw/tatqa_dataset_train.json ; 开发集: https://raw.githubusercontent.com/NExTplusplus/TAT-QA/master/dataset_raw/tatqa_dataset_dev.json ; 测试问题: https://raw.githubusercontent.com/NExTplusplus/TAT-QA/master/dataset_raw/tatqa_dataset_test.json ; 测试 gold: https://raw.githubusercontent.com/NExTplusplus/TAT-QA/master/dataset_raw/tatqa_dataset_test_gold.json,原始数据通过官方入口获取,2026-10-09
11,TAT-DQA,02-市场与行业调研,视觉丰富金融文档的数值推理问答,财报文档页面、文字/表格与布局、问题和数值答案,官方提供 Google Drive 数据目录,02-市场与行业调研/11-TAT-DQA.md,作者仓库: https://github.com/NExTplusplus/TAT-DQA ; 项目主页: https://nextplusplus.github.io/TAT-DQA/ ; 官方数据下载目录: https://drive.google.com/drive/folders/1SGpZyRWqycMd_dZim1ygvWhl5KdJYDR2,原始数据通过官方入口获取,2026-10-09
12,ChartQA,02-市场与行业调研,图表视觉问答与逻辑/数值推理基准,图表 PNG、问题与答案、对应 CSV 表格；部分版本含框标注,官方 GitHub 子集及 Hugging Face 完整数据入口,02-市场与行业调研/12-ChartQA.md,官方仓库: https://github.com/vis-nlp/ChartQA ; 完整数据集: https://huggingface.co/datasets/ahmed-masry/ChartQA ; 文件目录: https://huggingface.co/datasets/ahmed-masry/ChartQA/tree/main,原始数据通过官方入口获取,2026-10-09
13,SEC EDGAR,02-市场与行业调研,美国上市公司披露文件与结构化财务数据服务,申报文档、财务表、XBRL；无现成情报问答或逐条真假标签,官方入口存在访问限制；下载可用性未验证,02-市场与行业调研/13-SEC-EDGAR.md,SEC EDGAR API 说明: https://www.sec.gov/search-filings/edgar-application-programming-interfaces ; EDGAR 检索入口: https://www.sec.gov/edgar/search/,原始数据通过官方入口获取,2026-10-09
14,Amazon Reviews 2023,02-市场与行业调研,商品评论与商品元数据语料,评论、评分、时间、商品属性及图片相关字段；图像覆盖需逐项检查,官方分类 JSONL 压缩文件与 Hugging Face 入口,02-市场与行业调研/14-Amazon-Reviews-2023.md,作者项目页: https://amazon-reviews-2023.github.io/ ; 官方 HF 仓库: https://huggingface.co/datasets/McAuley-Lab/Amazon-Reviews-2023 ; All_Beauty 评论: https://mcauleylab.ucsd.edu/public_datasets/data/amazon_2023/raw/review_categories/All_Beauty.jsonl.gz ; All_Beauty 商品元数据: https://mcauleylab.ucsd.edu/public_datasets/data/amazon_2023/raw/meta_categories/meta_All_Beauty.jsonl.gz,原始数据通过官方入口获取,2026-10-09
15,VAST Challenge 2023,03-警务犯罪与调查,可视分析竞赛；非法捕捞调查的虚构场景,新闻抽取关系图、贸易/业务关系、时序数据；以调查问题和分析报告为主,通过官方表单获取；机器评分 gold 的公开范围未确认,03-警务犯罪与调查/15-VAST-Challenge-2023.md,挑战总览: https://vast-challenge.github.io/2023/overview.html ; MC1：实体与关系上下文: https://vast-challenge.github.io/2023/MC1.html ; MC2：贸易模式与候选链接: https://vast-challenge.github.io/2023/MC2.html ; MC3：公司结构异常: https://vast-challenge.github.io/2023/MC3.html ; Grand Challenge：竞争叙事: https://vast-challenge.github.io/2023/GC.html ; 官方数据获取表单: https://docs.google.com/forms/d/e/1FAIpQLSe7wv93AtKVnZaJOw_1tBzM63FrU6GjT6VH5GsXP2a-kTi8uw/viewform,原始数据通过官方入口获取,2026-10-09
16,VAST Challenge 2024,03-警务犯罪与调查,合成调查场景的可视分析竞赛,原始文章、模型抽取及人工修改后的知识图谱、船舶轨迹与业务关系,通过官方表单获取；机器评分 gold 的公开范围未确认,03-警务犯罪与调查/16-VAST-Challenge-2024.md,总览: https://vast-challenge.github.io/2024/ ; MC1：知识抽取与来源偏差: https://vast-challenge.github.io/2024/MC1.html ; MC2：船舶时空行为: https://vast-challenge.github.io/2024/MC2.html ; MC3：业务关系变化: https://vast-challenge.github.io/2024/MC3.html ; MC1 官方获取表单: https://docs.google.com/forms/d/e/1FAIpQLSe-LEIJ70qNII7e3XuhZ-Vg9s218ZwRxc4e05za8PBf8Qu3Bg/viewform,原始数据通过官方入口获取,2026-10-09
17,CAIL2018,03-警务犯罪与调查,中文刑事裁判文书与司法预测数据,案情文本；罪名、法条、刑期等裁判相关标签,作者 README 提供直接压缩包链接,03-警务犯罪与调查/17-CAIL2018.md,官方仓库: https://github.com/thunlp/CAIL ; CAIL2018_ALL_DATA.zip: https://cail.oss-cn-qingdao.aliyuncs.com/CAIL2018_ALL_DATA.zip,原始数据通过官方入口获取,2026-10-09
18,UCF-Crime,03-警务犯罪与调查,监控视频异常检测基准,视频、正常/异常类别；测试视频含异常时间区间标注,作者仓库可访问；外部下载地址已记录，未验证全量取得,03-警务犯罪与调查/18-UCF-Crime.md,作者官方仓库: https://github.com/WaqasSultani/AnomalyDetectionCVPR2018 ; 大学下载入口: https://visionlab.uncc.edu/download/summary/60-data/477-ucf-anomaly-detection-dataset ; Dropbox 入口: https://www.dropbox.com/sh/75v5ehq4cdg5g5g/AABvnJSwZI7zXb8_myBA0CLHa?dl=0,原始数据通过官方入口获取,2026-10-09
19,Chicago Crimes — 2001 to Present,03-警务犯罪与调查,城市公开警务事件记录服务,结构化时间、街区位置、案件编号、类型、描述、逮捕标记等,官方数据集元数据可访问；支持门户导出与 SODA API,03-警务犯罪与调查/19-Chicago-Crimes.md,Chicago 官方数据门户: https://data.cityofchicago.org/Public-Safety/Crimes-2001-to-Present/ijzp-q8t2 ; 元数据: https://data.cityofchicago.org/api/views/ijzp-q8t2.json ; SODA JSON 接口: https://data.cityofchicago.org/resource/ijzp-q8t2.json,原始数据通过官方入口获取,2026-10-09
20,NYPD Complaint Data Historic,03-警务犯罪与调查,纽约警方历史报案/投诉记录,报告时间、事件时间区间、罪名描述、行政区等结构化字段,官方数据集元数据可访问；支持门户导出与 SODA API,03-警务犯罪与调查/20-NYPD-Complaints.md,纽约官方数据门户: https://data.cityofnewyork.us/Public-Safety/NYPD-Complaint-Data-Historic/qgea-i56i ; 元数据: https://data.cityofnewyork.us/api/views/qgea-i56i.json ; SODA JSON 接口: https://data.cityofnewyork.us/resource/qgea-i56i.json,原始数据通过官方入口获取,2026-10-09
21,UK Police Open Data,03-警务犯罪与调查,英格兰、威尔士、北爱尔兰警务事件与处理结果开放数据,月度犯罪/反社会行为记录、匿名位置及部分后续处理结果,官方 CSV 定制下载、月度归档与 API 可访问,03-警务犯罪与调查/21-UK-Police-Open-Data.md,定制 CSV 下载: https://data.police.uk/data/ ; 月度归档: https://data.police.uk/data/archive/ ; 最新完整归档: https://data.police.uk/data/archive/latest.zip ; JSON API 文档: https://data.police.uk/docs/ ; 来源、匿名化、质量和许可说明: https://data.police.uk/about/,原始数据通过官方入口获取,2026-10-09
22,ICIJ Offshore Leaks Database,03-警务犯罪与调查,调查报道中的离岸实体关系数据库,实体、人员/机构角色、中介、地址、关系及来源信息,官方提供 CSV 与 Neo4j 数据下载,03-警务犯罪与调查/22-ICIJ-Offshore-Leaks.md,官方数据库与下载说明: https://offshoreleaks.icij.org/pages/database ; 完整 CSV ZIP: https://offshoreleaks-data.icij.org/offshoreleaks/csv/full-oldb.LATEST.zip,原始数据通过官方入口获取,2026-10-09
23,Sherlock,04-通用能力与证据处理,图像线索支持的溯因推理（abductive reasoning）基准,图像区域、可见线索、人工给出的合理推断；不是案件事实真值,作者提供标注 ZIP；原图按 VCR/Visual Genome 各自入口取得,04-通用能力与证据处理/23-Sherlock.md,官方仓库: https://github.com/allenai/sherlock ; 训练标注 v1.1: https://storage.googleapis.com/ai2-mosaic-public/projects/sherlock/data/sherlock_train_v1_1.json.zip ; 验证标注 v1.1: https://storage.googleapis.com/ai2-mosaic-public/projects/sherlock/data/sherlock_val_with_split_idxs_v1_1.json.zip,原始数据通过官方入口获取,2026-10-09
24,CONFACT,04-通用能力与证据处理,冲突文本证据下的自动事实核验数据,断言、问题、裁决、日期、证据 URL/正文、媒体背景；以文本为主,官方仓库内数据文件目录已核实,04-通用能力与证据处理/24-CONFACT.md,作者仓库: https://github.com/zoeyyes/CONFACT ; 数据目录: https://github.com/zoeyyes/CONFACT/tree/main/data/dataset ; HumC.pkl.gz: https://raw.githubusercontent.com/zoeyyes/CONFACT/main/data/dataset/HumC.pkl.gz ; ModC.pkl.gz: https://raw.githubusercontent.com/zoeyyes/CONFACT/main/data/dataset/ModC.pkl.gz ; Resolving Conflicting Evidence in Automated Fact-Checking: https://doi.org/10.24963/ijcai.2025/1073,原始数据通过官方入口获取,2026-10-09
25,DocRED,04-通用能力与证据处理,文档级实体关系抽取基准,文本、实体提及、关系、证据句；含人工标注及远程监督数据,官方 data README 提供 Google Drive 下载目录,04-通用能力与证据处理/25-DocRED.md,作者仓库: https://github.com/thunlp/DocRED ; 数据格式说明: https://github.com/thunlp/DocRED/blob/master/data/README.md ; 官方 Google Drive 数据目录: https://drive.google.com/drive/folders/1c5-0YwnoJx8NS6CV2f-NoTHR__BdkNqw?usp=sharing,原始数据通过官方入口获取,2026-10-09
